label,q,p,e,n,k,lam,r,P,nu,n_prime,j,B,sum_a,n_factors,shapes,n_codes,n_coefficients,n_codes_compared,max_dim,lcd,verified,t_e2,t_oracle_cycle,t_oracle_flat
X1 ,9,3,2,3,1,2,2,3,1,1,1,1,1,1,1x1,4,2,4,1,2,True,0.000136,0.00025,0.000192
X2 ,25,5,2,7,1,7,3,1,0,7,1,3,3,3,1x1|1x3|1x3,8,1,8,0,8,True,0.00014,0.000621,0.001067
X3 ,27,3,3,15,2,2,2,3,1,5,1,2,2,2,1x1|1x4,16,4,16,5,4,True,0.000184,0.001597,0.001826
X4 ,81,3,4,21,2,10,10,3,1,7,2,2,3,3,1x1|2x3,64,8,64,10,4,True,0.000358,0.008808,0.009753
X5 ,81,3,4,5,3,1,1,1,0,5,1,2,5,5,1x1|4x1,32,3,32,2,4,True,0.000153,0.001726,0.001879
X6 ,81,3,4,17,3,1,1,1,0,17,1,2,5,5,1x1|4x4,32,3,32,8,4,True,0.000149,0.005337,0.008345
X8a ,16,2,4,5,3,1,1,1,0,5,1,2,5,5,1x1|4x1,32,3,32,2,4,True,8.5e-05,0.001018,0.001016
X8c ,16,2,4,17,3,1,1,1,0,17,1,3,9,9,1x1|4x2|4x2,512,5,512,8,8,True,0.000149,0.075712,0.080431
X9 ,64,2,6,20,3,6,9,4,2,5,3,2,3,3,1x1|2x2,125,11,125,10,4,True,0.000341,0.015126,0.013489
X8b ,16,2,4,15,3,1,1,1,0,15,1,6,15,15,1x1|1x1|1x1|4x1|4x1|4x1,32768,7,32768,6,64,True,0.000361,4.853653,4.958009
