q,n,k,lam,r,reason
4,60,0,1,1,"|C|=1953125 > 100000; E3 infeasible (enumerator only, flagged)"
4,60,1,1,1,"|C|=1953125 > 100000; E3 infeasible (enumerator only, flagged)"
8,42,0,1,1,"|C|=4782969 > 100000; E3 infeasible (enumerator only, flagged)"
8,42,1,1,1,"|C|=4782969 > 100000; E3 infeasible (enumerator only, flagged)"
8,42,2,1,1,"|C|=4782969 > 100000; E3 infeasible (enumerator only, flagged)"
8,56,0,1,1,"|C|=4782969 > 100000; E3 infeasible (enumerator only, flagged)"
8,56,1,1,1,"|C|=4782969 > 100000; E3 infeasible (enumerator only, flagged)"
8,56,2,1,1,"|C|=4782969 > 100000; E3 infeasible (enumerator only, flagged)"
9,40,0,1,1,"|C|=16777216 > 100000; E3 infeasible (enumerator only, flagged)"
9,40,1,1,1,"|C|=16777216 > 100000; E3 infeasible (enumerator only, flagged)"
9,48,0,1,1,"|C|=16777216 > 100000; E3 infeasible (enumerator only, flagged)"
9,48,1,1,1,"|C|=16777216 > 100000; E3 infeasible (enumerator only, flagged)"
9,52,0,1,1,"|C|=1048576 > 100000; E3 infeasible (enumerator only, flagged)"
9,52,1,1,1,"|C|=1048576 > 100000; E3 infeasible (enumerator only, flagged)"
9,56,0,1,1,"|C|=16777216 > 100000; E3 infeasible (enumerator only, flagged)"
9,56,1,1,1,"|C|=16777216 > 100000; E3 infeasible (enumerator only, flagged)"
9,60,0,1,1,"|C|=16777216 > 100000; E3 infeasible (enumerator only, flagged)"
9,60,1,1,1,"|C|=16777216 > 100000; E3 infeasible (enumerator only, flagged)"
16,30,0,1,1,"|C|=14348907 > 100000; E3 infeasible (enumerator only, flagged)"
16,30,1,1,1,"|C|=14348907 > 100000; E3 infeasible (enumerator only, flagged)"
16,30,2,1,1,"|C|=14348907 > 100000; E3 infeasible (enumerator only, flagged)"
16,30,3,1,1,"|C|=14348907 > 100000; E3 infeasible (enumerator only, flagged)"
16,45,0,1,1,"|C|=33554432 > 100000; E3 infeasible (enumerator only, flagged)"
16,45,1,1,1,"|C|=33554432 > 100000; E3 infeasible (enumerator only, flagged)"
16,45,2,1,1,"|C|=33554432 > 100000; E3 infeasible (enumerator only, flagged)"
16,45,3,1,1,"|C|=33554432 > 100000; E3 infeasible (enumerator only, flagged)"
16,51,0,1,1,"|C|=134217728 > 100000; E3 infeasible (enumerator only, flagged)"
16,51,1,1,1,"|C|=134217728 > 100000; E3 infeasible (enumerator only, flagged)"
16,51,2,1,1,"|C|=134217728 > 100000; E3 infeasible (enumerator only, flagged)"
16,51,2,8,5,"|C|=134217728 > 100000; E3 infeasible (enumerator only, flagged)"
16,51,3,1,1,"|C|=134217728 > 100000; E3 infeasible (enumerator only, flagged)"
16,60,0,1,1,"|C|=30517578125 > 100000; E3 infeasible (enumerator only, flagged)"
16,60,1,1,1,"|C|=30517578125 > 100000; E3 infeasible (enumerator only, flagged)"
16,60,2,1,1,"|C|=30517578125 > 100000; E3 infeasible (enumerator only, flagged)"
16,60,3,1,1,"|C|=30517578125 > 100000; E3 infeasible (enumerator only, flagged)"
25,24,0,1,1,"|C|=16777216 > 100000; E3 infeasible (enumerator only, flagged)"
25,24,1,1,1,"|C|=16777216 > 100000; E3 infeasible (enumerator only, flagged)"
25,36,0,1,1,"|C|=1048576 > 100000; E3 infeasible (enumerator only, flagged)"
25,36,1,1,1,"|C|=1048576 > 100000; E3 infeasible (enumerator only, flagged)"
25,39,0,1,1,"|C|=2097152 > 100000; E3 infeasible (enumerator only, flagged)"
25,39,0,4,2,"|C|=2097152 > 100000; E3 infeasible (enumerator only, flagged)"
25,39,1,1,1,"|C|=2097152 > 100000; E3 infeasible (enumerator only, flagged)"
25,39,1,4,2,"|C|=2097152 > 100000; E3 infeasible (enumerator only, flagged)"
25,40,0,1,1,"|C|=1679616 > 100000; E3 infeasible (enumerator only, flagged)"
25,40,1,1,1,"|C|=1679616 > 100000; E3 infeasible (enumerator only, flagged)"
25,40,1,7,3,"|C|=1679616 > 100000; E3 infeasible (enumerator only, flagged)"
25,42,0,1,1,"|C|=262144 > 100000; E3 infeasible (enumerator only, flagged)"
25,42,1,1,1,"|C|=262144 > 100000; E3 infeasible (enumerator only, flagged)"
25,48,0,1,1,"|C|=68719476736 > 100000; E3 infeasible (enumerator only, flagged)"
25,48,1,1,1,"|C|=68719476736 > 100000; E3 infeasible (enumerator only, flagged)"
25,52,0,1,1,"|C|=268435456 > 100000; E3 infeasible (enumerator only, flagged)"
25,52,1,1,1,"|C|=268435456 > 100000; E3 infeasible (enumerator only, flagged)"
25,52,1,7,3,"|C|=268435456 > 100000; E3 infeasible (enumerator only, flagged)"
25,56,0,1,1,"|C|=16777216 > 100000; E3 infeasible (enumerator only, flagged)"
25,56,1,1,1,"|C|=16777216 > 100000; E3 infeasible (enumerator only, flagged)"
25,56,1,7,3,"|C|=16777216 > 100000; E3 infeasible (enumerator only, flagged)"
25,60,0,1,1,"|C|=2176782336 > 100000; E3 infeasible (enumerator only, flagged)"
25,60,1,1,1,"|C|=2176782336 > 100000; E3 infeasible (enumerator only, flagged)"
27,26,0,1,1,"|C|=67108864 > 100000; E3 infeasible (enumerator only, flagged)"
27,26,1,1,1,"|C|=67108864 > 100000; E3 infeasible (enumerator only, flagged)"
27,26,2,1,1,"|C|=67108864 > 100000; E3 infeasible (enumerator only, flagged)"
27,39,0,1,1,"|C|=67108864 > 100000; E3 infeasible (enumerator only, flagged)"
27,39,0,2,2,"|C|=67108864 > 100000; E3 infeasible (enumerator only, flagged)"
27,39,1,1,1,"|C|=67108864 > 100000; E3 infeasible (enumerator only, flagged)"
27,39,1,2,2,"|C|=67108864 > 100000; E3 infeasible (enumerator only, flagged)"
27,39,2,1,1,"|C|=67108864 > 100000; E3 infeasible (enumerator only, flagged)"
27,39,2,2,2,"|C|=67108864 > 100000; E3 infeasible (enumerator only, flagged)"
27,52,0,1,1,"|C|=549755813888 > 100000; E3 infeasible (enumerator only, flagged)"
27,52,1,1,1,"|C|=549755813888 > 100000; E3 infeasible (enumerator only, flagged)"
27,52,2,1,1,"|C|=549755813888 > 100000; E3 infeasible (enumerator only, flagged)"
27,56,0,1,1,"|C|=536870912 > 100000; E3 infeasible (enumerator only, flagged)"
27,56,1,1,1,"|C|=536870912 > 100000; E3 infeasible (enumerator only, flagged)"
27,56,2,1,1,"|C|=536870912 > 100000; E3 infeasible (enumerator only, flagged)"
32,31,0,1,1,"|C|=2147483648 > 100000; E3 infeasible (enumerator only, flagged)"
32,31,1,1,1,"|C|=2147483648 > 100000; E3 infeasible (enumerator only, flagged)"
32,31,2,1,1,"|C|=2147483648 > 100000; E3 infeasible (enumerator only, flagged)"
32,31,3,1,1,"|C|=2147483648 > 100000; E3 infeasible (enumerator only, flagged)"
32,31,4,1,1,"|C|=2147483648 > 100000; E3 infeasible (enumerator only, flagged)"
32,33,0,1,1,"|C|=131072 > 100000; E3 infeasible (enumerator only, flagged)"
32,33,1,1,1,"|C|=131072 > 100000; E3 infeasible (enumerator only, flagged)"
32,33,2,1,1,"|C|=131072 > 100000; E3 infeasible (enumerator only, flagged)"
32,33,3,1,1,"|C|=131072 > 100000; E3 infeasible (enumerator only, flagged)"
32,33,4,1,1,"|C|=131072 > 100000; E3 infeasible (enumerator only, flagged)"
32,55,0,1,1,"|C|=131072 > 100000; E3 infeasible (enumerator only, flagged)"
32,55,1,1,1,"|C|=131072 > 100000; E3 infeasible (enumerator only, flagged)"
32,55,2,1,1,"|C|=131072 > 100000; E3 infeasible (enumerator only, flagged)"
32,55,3,1,1,"|C|=131072 > 100000; E3 infeasible (enumerator only, flagged)"
32,55,4,1,1,"|C|=131072 > 100000; E3 infeasible (enumerator only, flagged)"
49,24,0,1,1,"|C|=16777216 > 100000; E3 infeasible (enumerator only, flagged)"
49,24,1,1,1,"|C|=16777216 > 100000; E3 infeasible (enumerator only, flagged)"
49,30,0,1,1,"|C|=262144 > 100000; E3 infeasible (enumerator only, flagged)"
49,30,1,1,1,"|C|=262144 > 100000; E3 infeasible (enumerator only, flagged)"
49,32,0,1,1,"|C|=16777216 > 100000; E3 infeasible (enumerator only, flagged)"
49,32,1,1,1,"|C|=16777216 > 100000; E3 infeasible (enumerator only, flagged)"
49,36,0,1,1,"|C|=1048576 > 100000; E3 infeasible (enumerator only, flagged)"
49,36,1,1,1,"|C|=1048576 > 100000; E3 infeasible (enumerator only, flagged)"
49,40,0,1,1,"|C|=16777216 > 100000; E3 infeasible (enumerator only, flagged)"
49,40,1,1,1,"|C|=16777216 > 100000; E3 infeasible (enumerator only, flagged)"
49,42,0,1,1,"|C|=262144 > 100000; E3 infeasible (enumerator only, flagged)"
49,42,1,1,1,"|C|=262144 > 100000; E3 infeasible (enumerator only, flagged)"
49,48,0,1,1,"|C|=281474976710656 > 100000; E3 infeasible (enumerator only, flagged)"
49,48,1,1,1,"|C|=281474976710656 > 100000; E3 infeasible (enumerator only, flagged)"
49,50,0,1,1,"|C|=67108864 > 100000; E3 infeasible (enumerator only, flagged)"
49,50,1,1,1,"|C|=67108864 > 100000; E3 infeasible (enumerator only, flagged)"
49,56,0,1,1,"|C|=16777216 > 100000; E3 infeasible (enumerator only, flagged)"
49,56,1,1,1,"|C|=16777216 > 100000; E3 infeasible (enumerator only, flagged)"
49,57,0,1,1,"|C|=2097152 > 100000; E3 infeasible (enumerator only, flagged)"
49,57,0,6,2,"|C|=2097152 > 100000; E3 infeasible (enumerator only, flagged)"
49,57,1,1,1,"|C|=2097152 > 100000; E3 infeasible (enumerator only, flagged)"
49,57,1,6,2,"|C|=2097152 > 100000; E3 infeasible (enumerator only, flagged)"
49,57,1,7,4,"|C|=2097152 > 100000; E3 infeasible (enumerator only, flagged)"
49,57,1,16,8,"|C|=2097152 > 100000; E3 infeasible (enumerator only, flagged)"
49,60,0,1,1,"|C|=68719476736 > 100000; E3 infeasible (enumerator only, flagged)"
49,60,1,1,1,"|C|=68719476736 > 100000; E3 infeasible (enumerator only, flagged)"
64,21,0,1,1,"|C|=2097152 > 100000; E3 infeasible (enumerator only, flagged)"
64,21,1,1,1,"|C|=2097152 > 100000; E3 infeasible (enumerator only, flagged)"
64,21,2,1,1,"|C|=2097152 > 100000; E3 infeasible (enumerator only, flagged)"
64,21,3,1,1,"|C|=2097152 > 100000; E3 infeasible (enumerator only, flagged)"
64,21,4,1,1,"|C|=2097152 > 100000; E3 infeasible (enumerator only, flagged)"
64,21,5,1,1,"|C|=2097152 > 100000; E3 infeasible (enumerator only, flagged)"
64,35,0,1,1,"|C|=2097152 > 100000; E3 infeasible (enumerator only, flagged)"
64,35,1,1,1,"|C|=2097152 > 100000; E3 infeasible (enumerator only, flagged)"
64,35,1,58,3,"|C|=2097152 > 100000; E3 infeasible (enumerator only, flagged)"
64,35,2,1,1,"|C|=2097152 > 100000; E3 infeasible (enumerator only, flagged)"
64,35,3,1,1,"|C|=2097152 > 100000; E3 infeasible (enumerator only, flagged)"
64,35,3,58,3,"|C|=2097152 > 100000; E3 infeasible (enumerator only, flagged)"
64,35,3,6,9,"|C|=2097152 > 100000; E3 infeasible (enumerator only, flagged)"
64,35,4,1,1,"|C|=2097152 > 100000; E3 infeasible (enumerator only, flagged)"
64,35,5,1,1,"|C|=2097152 > 100000; E3 infeasible (enumerator only, flagged)"
64,35,5,58,3,"|C|=2097152 > 100000; E3 infeasible (enumerator only, flagged)"
64,36,0,1,1,"|C|=1953125 > 100000; E3 infeasible (enumerator only, flagged)"
64,36,1,1,1,"|C|=1953125 > 100000; E3 infeasible (enumerator only, flagged)"
64,36,2,1,1,"|C|=1953125 > 100000; E3 infeasible (enumerator only, flagged)"
64,36,3,1,1,"|C|=1953125 > 100000; E3 infeasible (enumerator only, flagged)"
64,36,4,1,1,"|C|=1953125 > 100000; E3 infeasible (enumerator only, flagged)"
64,36,5,1,1,"|C|=1953125 > 100000; E3 infeasible (enumerator only, flagged)"
64,39,0,1,1,"|C|=2097152 > 100000; E3 infeasible (enumerator only, flagged)"
64,39,1,1,1,"|C|=2097152 > 100000; E3 infeasible (enumerator only, flagged)"
64,39,2,1,1,"|C|=2097152 > 100000; E3 infeasible (enumerator only, flagged)"
64,39,3,1,1,"|C|=2097152 > 100000; E3 infeasible (enumerator only, flagged)"
64,39,4,1,1,"|C|=2097152 > 100000; E3 infeasible (enumerator only, flagged)"
64,39,5,1,1,"|C|=2097152 > 100000; E3 infeasible (enumerator only, flagged)"
64,42,0,1,1,"|C|=10460353203 > 100000; E3 infeasible (enumerator only, flagged)"
64,42,1,1,1,"|C|=10460353203 > 100000; E3 infeasible (enumerator only, flagged)"
64,42,2,1,1,"|C|=10460353203 > 100000; E3 infeasible (enumerator only, flagged)"
64,42,3,1,1,"|C|=10460353203 > 100000; E3 infeasible (enumerator only, flagged)"
64,42,4,1,1,"|C|=10460353203 > 100000; E3 infeasible (enumerator only, flagged)"
64,42,5,1,1,"|C|=10460353203 > 100000; E3 infeasible (enumerator only, flagged)"
64,45,0,1,1,"|C|=134217728 > 100000; E3 infeasible (enumerator only, flagged)"
64,45,1,1,1,"|C|=134217728 > 100000; E3 infeasible (enumerator only, flagged)"
64,45,2,1,1,"|C|=134217728 > 100000; E3 infeasible (enumerator only, flagged)"
64,45,3,1,1,"|C|=134217728 > 100000; E3 infeasible (enumerator only, flagged)"
64,45,4,1,1,"|C|=134217728 > 100000; E3 infeasible (enumerator only, flagged)"
64,45,5,1,1,"|C|=134217728 > 100000; E3 infeasible (enumerator only, flagged)"
64,54,0,1,1,"|C|=14348907 > 100000; E3 infeasible (enumerator only, flagged)"
64,54,1,1,1,"|C|=14348907 > 100000; E3 infeasible (enumerator only, flagged)"
64,54,2,1,1,"|C|=14348907 > 100000; E3 infeasible (enumerator only, flagged)"
64,54,3,1,1,"|C|=14348907 > 100000; E3 infeasible (enumerator only, flagged)"
64,54,4,1,1,"|C|=14348907 > 100000; E3 infeasible (enumerator only, flagged)"
64,54,5,1,1,"|C|=14348907 > 100000; E3 infeasible (enumerator only, flagged)"
64,56,0,1,1,"|C|=4782969 > 100000; E3 infeasible (enumerator only, flagged)"
64,56,1,1,1,"|C|=4782969 > 100000; E3 infeasible (enumerator only, flagged)"
64,56,1,58,3,"|C|=4782969 > 100000; E3 infeasible (enumerator only, flagged)"
64,56,2,1,1,"|C|=4782969 > 100000; E3 infeasible (enumerator only, flagged)"
64,56,3,1,1,"|C|=4782969 > 100000; E3 infeasible (enumerator only, flagged)"
64,56,3,58,3,"|C|=4782969 > 100000; E3 infeasible (enumerator only, flagged)"
64,56,3,6,9,"|C|=4782969 > 100000; E3 infeasible (enumerator only, flagged)"
64,56,4,1,1,"|C|=4782969 > 100000; E3 infeasible (enumerator only, flagged)"
64,56,5,1,1,"|C|=4782969 > 100000; E3 infeasible (enumerator only, flagged)"
64,56,5,58,3,"|C|=4782969 > 100000; E3 infeasible (enumerator only, flagged)"
64,57,0,1,1,"|C|=2097152 > 100000; E3 infeasible (enumerator only, flagged)"
64,57,1,1,1,"|C|=2097152 > 100000; E3 infeasible (enumerator only, flagged)"
64,57,2,1,1,"|C|=2097152 > 100000; E3 infeasible (enumerator only, flagged)"
64,57,3,1,1,"|C|=2097152 > 100000; E3 infeasible (enumerator only, flagged)"
64,57,4,1,1,"|C|=2097152 > 100000; E3 infeasible (enumerator only, flagged)"
64,57,5,1,1,"|C|=2097152 > 100000; E3 infeasible (enumerator only, flagged)"
64,60,0,1,1,"|C|=1953125 > 100000; E3 infeasible (enumerator only, flagged)"
64,60,1,1,1,"|C|=1953125 > 100000; E3 infeasible (enumerator only, flagged)"
64,60,2,1,1,"|C|=1953125 > 100000; E3 infeasible (enumerator only, flagged)"
64,60,3,1,1,"|C|=1953125 > 100000; E3 infeasible (enumerator only, flagged)"
64,60,4,1,1,"|C|=1953125 > 100000; E3 infeasible (enumerator only, flagged)"
64,60,5,1,1,"|C|=1953125 > 100000; E3 infeasible (enumerator only, flagged)"
81,20,0,1,1,"|C|=1048576 > 100000; E3 infeasible (enumerator only, flagged)"
81,20,1,1,1,"|C|=1048576 > 100000; E3 infeasible (enumerator only, flagged)"
81,20,2,1,1,"|C|=1048576 > 100000; E3 infeasible (enumerator only, flagged)"
81,20,3,1,1,"|C|=1048576 > 100000; E3 infeasible (enumerator only, flagged)"
81,30,0,1,1,"|C|=1048576 > 100000; E3 infeasible (enumerator only, flagged)"
81,30,1,1,1,"|C|=1048576 > 100000; E3 infeasible (enumerator only, flagged)"
81,30,2,1,1,"|C|=1048576 > 100000; E3 infeasible (enumerator only, flagged)"
81,30,3,1,1,"|C|=1048576 > 100000; E3 infeasible (enumerator only, flagged)"
81,32,0,1,1,"|C|=16777216 > 100000; E3 infeasible (enumerator only, flagged)"
81,32,1,1,1,"|C|=16777216 > 100000; E3 infeasible (enumerator only, flagged)"
81,32,2,1,1,"|C|=16777216 > 100000; E3 infeasible (enumerator only, flagged)"
81,32,2,20,5,"|C|=16777216 > 100000; E3 infeasible (enumerator only, flagged)"
81,32,3,1,1,"|C|=16777216 > 100000; E3 infeasible (enumerator only, flagged)"
81,40,0,1,1,"|C|=1099511627776 > 100000; E3 infeasible (enumerator only, flagged)"
81,40,1,1,1,"|C|=1099511627776 > 100000; E3 infeasible (enumerator only, flagged)"
81,40,2,1,1,"|C|=1099511627776 > 100000; E3 infeasible (enumerator only, flagged)"
81,40,3,1,1,"|C|=1099511627776 > 100000; E3 infeasible (enumerator only, flagged)"
81,41,0,1,1,"|C|=2097152 > 100000; E3 infeasible (enumerator only, flagged)"
81,41,0,2,2,"|C|=2097152 > 100000; E3 infeasible (enumerator only, flagged)"
81,41,1,1,1,"|C|=2097152 > 100000; E3 infeasible (enumerator only, flagged)"
81,41,1,2,2,"|C|=2097152 > 100000; E3 infeasible (enumerator only, flagged)"
81,41,1,42,4,"|C|=2097152 > 100000; E3 infeasible (enumerator only, flagged)"
81,41,2,1,1,"|C|=2097152 > 100000; E3 infeasible (enumerator only, flagged)"
81,41,2,2,2,"|C|=2097152 > 100000; E3 infeasible (enumerator only, flagged)"
81,41,2,20,5,"|C|=2097152 > 100000; E3 infeasible (enumerator only, flagged)"
81,41,2,10,10,"|C|=2097152 > 100000; E3 infeasible (enumerator only, flagged)"
81,41,3,1,1,"|C|=2097152 > 100000; E3 infeasible (enumerator only, flagged)"
81,41,3,2,2,"|C|=2097152 > 100000; E3 infeasible (enumerator only, flagged)"
81,41,3,42,4,"|C|=2097152 > 100000; E3 infeasible (enumerator only, flagged)"
81,48,0,1,1,"|C|=4294967296 > 100000; E3 infeasible (enumerator only, flagged)"
81,48,1,1,1,"|C|=4294967296 > 100000; E3 infeasible (enumerator only, flagged)"
81,48,2,1,1,"|C|=4294967296 > 100000; E3 infeasible (enumerator only, flagged)"
81,48,2,20,5,"|C|=4294967296 > 100000; E3 infeasible (enumerator only, flagged)"
81,48,3,1,1,"|C|=4294967296 > 100000; E3 infeasible (enumerator only, flagged)"
81,50,0,1,1,"|C|=262144 > 100000; E3 infeasible (enumerator only, flagged)"
81,50,1,1,1,"|C|=262144 > 100000; E3 infeasible (enumerator only, flagged)"
81,50,2,1,1,"|C|=262144 > 100000; E3 infeasible (enumerator only, flagged)"
81,50,3,1,1,"|C|=262144 > 100000; E3 infeasible (enumerator only, flagged)"
81,52,0,1,1,"|C|=1048576 > 100000; E3 infeasible (enumerator only, flagged)"
81,52,1,1,1,"|C|=1048576 > 100000; E3 infeasible (enumerator only, flagged)"
81,52,2,1,1,"|C|=1048576 > 100000; E3 infeasible (enumerator only, flagged)"
81,52,2,20,5,"|C|=1048576 > 100000; E3 infeasible (enumerator only, flagged)"
81,52,3,1,1,"|C|=1048576 > 100000; E3 infeasible (enumerator only, flagged)"
81,56,0,1,1,"|C|=16777216 > 100000; E3 infeasible (enumerator only, flagged)"
81,56,1,1,1,"|C|=16777216 > 100000; E3 infeasible (enumerator only, flagged)"
81,56,2,1,1,"|C|=16777216 > 100000; E3 infeasible (enumerator only, flagged)"
81,56,2,20,5,"|C|=16777216 > 100000; E3 infeasible (enumerator only, flagged)"
81,56,3,1,1,"|C|=16777216 > 100000; E3 infeasible (enumerator only, flagged)"
81,60,0,1,1,"|C|=1099511627776 > 100000; E3 infeasible (enumerator only, flagged)"
81,60,1,1,1,"|C|=1099511627776 > 100000; E3 infeasible (enumerator only, flagged)"
81,60,2,1,1,"|C|=1099511627776 > 100000; E3 infeasible (enumerator only, flagged)"
81,60,3,1,1,"|C|=1099511627776 > 100000; E3 infeasible (enumerator only, flagged)"
121,20,0,1,1,"|C|=1048576 > 100000; E3 infeasible (enumerator only, flagged)"
121,20,1,1,1,"|C|=1048576 > 100000; E3 infeasible (enumerator only, flagged)"
121,20,1,38,3,"|C|=1048576 > 100000; E3 infeasible (enumerator only, flagged)"
121,24,0,1,1,"|C|=16777216 > 100000; E3 infeasible (enumerator only, flagged)"
121,24,1,1,1,"|C|=16777216 > 100000; E3 infeasible (enumerator only, flagged)"
121,30,0,1,1,"|C|=1073741824 > 100000; E3 infeasible (enumerator only, flagged)"
121,30,1,1,1,"|C|=1073741824 > 100000; E3 infeasible (enumerator only, flagged)"
121,36,0,1,1,"|C|=1048576 > 100000; E3 infeasible (enumerator only, flagged)"
121,36,1,1,1,"|C|=1048576 > 100000; E3 infeasible (enumerator only, flagged)"
121,40,0,1,1,"|C|=1099511627776 > 100000; E3 infeasible (enumerator only, flagged)"
121,40,1,1,1,"|C|=1099511627776 > 100000; E3 infeasible (enumerator only, flagged)"
121,40,1,38,3,"|C|=1099511627776 > 100000; E3 infeasible (enumerator only, flagged)"
121,42,0,1,1,"|C|=262144 > 100000; E3 infeasible (enumerator only, flagged)"
121,42,1,1,1,"|C|=262144 > 100000; E3 infeasible (enumerator only, flagged)"
121,45,0,1,1,"|C|=33554432 > 100000; E3 infeasible (enumerator only, flagged)"
121,45,0,10,2,"|C|=33554432 > 100000; E3 infeasible (enumerator only, flagged)"
121,45,1,1,1,"|C|=33554432 > 100000; E3 infeasible (enumerator only, flagged)"
121,45,1,10,2,"|C|=33554432 > 100000; E3 infeasible (enumerator only, flagged)"
121,45,1,11,4,"|C|=33554432 > 100000; E3 infeasible (enumerator only, flagged)"
121,48,0,1,1,"|C|=68719476736 > 100000; E3 infeasible (enumerator only, flagged)"
121,48,1,1,1,"|C|=68719476736 > 100000; E3 infeasible (enumerator only, flagged)"
121,50,0,1,1,"|C|=262144 > 100000; E3 infeasible (enumerator only, flagged)"
121,50,1,1,1,"|C|=262144 > 100000; E3 infeasible (enumerator only, flagged)"
121,50,1,38,3,"|C|=262144 > 100000; E3 infeasible (enumerator only, flagged)"
121,55,0,1,1,"|C|=248832 > 100000; E3 infeasible (enumerator only, flagged)"
121,55,0,10,2,"|C|=248832 > 100000; E3 infeasible (enumerator only, flagged)"
121,55,1,1,1,"|C|=248832 > 100000; E3 infeasible (enumerator only, flagged)"
121,55,1,10,2,"|C|=248832 > 100000; E3 infeasible (enumerator only, flagged)"
121,55,1,38,3,"|C|=248832 > 100000; E3 infeasible (enumerator only, flagged)"
121,55,1,11,4,"|C|=248832 > 100000; E3 infeasible (enumerator only, flagged)"
121,55,1,39,6,"|C|=248832 > 100000; E3 infeasible (enumerator only, flagged)"
121,55,1,58,12,"|C|=248832 > 100000; E3 infeasible (enumerator only, flagged)"
121,56,0,1,1,"|C|=16777216 > 100000; E3 infeasible (enumerator only, flagged)"
121,56,1,1,1,"|C|=16777216 > 100000; E3 infeasible (enumerator only, flagged)"
121,56,1,38,3,"|C|=16777216 > 100000; E3 infeasible (enumerator only, flagged)"
121,57,0,1,1,"|C|=2097152 > 100000; E3 infeasible (enumerator only, flagged)"
121,57,0,10,2,"|C|=2097152 > 100000; E3 infeasible (enumerator only, flagged)"
121,57,1,1,1,"|C|=2097152 > 100000; E3 infeasible (enumerator only, flagged)"
121,57,1,10,2,"|C|=2097152 > 100000; E3 infeasible (enumerator only, flagged)"
121,57,1,11,4,"|C|=2097152 > 100000; E3 infeasible (enumerator only, flagged)"
121,60,0,1,1,"|C|=1152921504606846976 > 100000; E3 infeasible (enumerator only, flagged)"
121,60,1,1,1,"|C|=1152921504606846976 > 100000; E3 infeasible (enumerator only, flagged)"
125,31,0,1,1,"|C|=2147483648 > 100000; E3 infeasible (enumerator only, flagged)"
125,31,0,4,2,"|C|=2147483648 > 100000; E3 infeasible (enumerator only, flagged)"
125,31,1,1,1,"|C|=2147483648 > 100000; E3 infeasible (enumerator only, flagged)"
125,31,1,4,2,"|C|=2147483648 > 100000; E3 infeasible (enumerator only, flagged)"
125,31,2,1,1,"|C|=2147483648 > 100000; E3 infeasible (enumerator only, flagged)"
125,31,2,4,2,"|C|=2147483648 > 100000; E3 infeasible (enumerator only, flagged)"
125,36,0,1,1,"|C|=1048576 > 100000; E3 infeasible (enumerator only, flagged)"
125,36,1,1,1,"|C|=1048576 > 100000; E3 infeasible (enumerator only, flagged)"
125,36,2,1,1,"|C|=1048576 > 100000; E3 infeasible (enumerator only, flagged)"
125,42,0,1,1,"|C|=4194304 > 100000; E3 infeasible (enumerator only, flagged)"
125,42,1,1,1,"|C|=4194304 > 100000; E3 infeasible (enumerator only, flagged)"
125,42,2,1,1,"|C|=4194304 > 100000; E3 infeasible (enumerator only, flagged)"
125,48,0,1,1,"|C|=1048576 > 100000; E3 infeasible (enumerator only, flagged)"
125,48,1,1,1,"|C|=1048576 > 100000; E3 infeasible (enumerator only, flagged)"
125,48,2,1,1,"|C|=1048576 > 100000; E3 infeasible (enumerator only, flagged)"
125,56,0,1,1,"|C|=1073741824 > 100000; E3 infeasible (enumerator only, flagged)"
125,56,1,1,1,"|C|=1073741824 > 100000; E3 infeasible (enumerator only, flagged)"
125,56,2,1,1,"|C|=1073741824 > 100000; E3 infeasible (enumerator only, flagged)"
125,60,0,1,1,"|C|=1679616 > 100000; E3 infeasible (enumerator only, flagged)"
125,60,1,1,1,"|C|=1679616 > 100000; E3 infeasible (enumerator only, flagged)"
125,60,2,1,1,"|C|=1679616 > 100000; E3 infeasible (enumerator only, flagged)"
128,43,0,1,1,"|C|=4194304 > 100000; E3 infeasible (enumerator only, flagged)"
128,43,1,1,1,"|C|=4194304 > 100000; E3 infeasible (enumerator only, flagged)"
128,43,2,1,1,"|C|=4194304 > 100000; E3 infeasible (enumerator only, flagged)"
128,43,3,1,1,"|C|=4194304 > 100000; E3 infeasible (enumerator only, flagged)"
128,43,4,1,1,"|C|=4194304 > 100000; E3 infeasible (enumerator only, flagged)"
128,43,5,1,1,"|C|=4194304 > 100000; E3 infeasible (enumerator only, flagged)"
128,43,6,1,1,"|C|=4194304 > 100000; E3 infeasible (enumerator only, flagged)"
128,49,0,1,1,"|C|=131072 > 100000; E3 infeasible (enumerator only, flagged)"
128,49,1,1,1,"|C|=131072 > 100000; E3 infeasible (enumerator only, flagged)"
128,49,2,1,1,"|C|=131072 > 100000; E3 infeasible (enumerator only, flagged)"
128,49,3,1,1,"|C|=131072 > 100000; E3 infeasible (enumerator only, flagged)"
128,49,4,1,1,"|C|=131072 > 100000; E3 infeasible (enumerator only, flagged)"
128,49,5,1,1,"|C|=131072 > 100000; E3 infeasible (enumerator only, flagged)"
128,49,6,1,1,"|C|=131072 > 100000; E3 infeasible (enumerator only, flagged)"
256,17,0,1,1,"|C|=131072 > 100000; E3 infeasible (enumerator only, flagged)"
256,17,1,1,1,"|C|=131072 > 100000; E3 infeasible (enumerator only, flagged)"
256,17,1,188,3,"|C|=131072 > 100000; E3 infeasible (enumerator only, flagged)"
256,17,2,1,1,"|C|=131072 > 100000; E3 infeasible (enumerator only, flagged)"
256,17,2,12,5,"|C|=131072 > 100000; E3 infeasible (enumerator only, flagged)"
256,17,3,1,1,"|C|=131072 > 100000; E3 infeasible (enumerator only, flagged)"
256,17,3,188,3,"|C|=131072 > 100000; E3 infeasible (enumerator only, flagged)"
256,17,4,1,1,"|C|=131072 > 100000; E3 infeasible (enumerator only, flagged)"
256,17,5,1,1,"|C|=131072 > 100000; E3 infeasible (enumerator only, flagged)"
256,17,5,188,3,"|C|=131072 > 100000; E3 infeasible (enumerator only, flagged)"
256,17,6,1,1,"|C|=131072 > 100000; E3 infeasible (enumerator only, flagged)"
256,17,6,12,5,"|C|=131072 > 100000; E3 infeasible (enumerator only, flagged)"
256,17,7,1,1,"|C|=131072 > 100000; E3 infeasible (enumerator only, flagged)"
256,17,7,188,3,"|C|=131072 > 100000; E3 infeasible (enumerator only, flagged)"
256,30,0,1,1,"|C|=14348907 > 100000; E3 infeasible (enumerator only, flagged)"
256,30,1,1,1,"|C|=14348907 > 100000; E3 infeasible (enumerator only, flagged)"
256,30,2,1,1,"|C|=14348907 > 100000; E3 infeasible (enumerator only, flagged)"
256,30,3,1,1,"|C|=14348907 > 100000; E3 infeasible (enumerator only, flagged)"
256,30,4,1,1,"|C|=14348907 > 100000; E3 infeasible (enumerator only, flagged)"
256,30,4,8,17,"|C|=14348907 > 100000; E3 infeasible (enumerator only, flagged)"
256,30,5,1,1,"|C|=14348907 > 100000; E3 infeasible (enumerator only, flagged)"
256,30,6,1,1,"|C|=14348907 > 100000; E3 infeasible (enumerator only, flagged)"
256,30,7,1,1,"|C|=14348907 > 100000; E3 infeasible (enumerator only, flagged)"
256,34,0,1,1,"|C|=129140163 > 100000; E3 infeasible (enumerator only, flagged)"
256,34,1,1,1,"|C|=129140163 > 100000; E3 infeasible (enumerator only, flagged)"
256,34,1,188,3,"|C|=129140163 > 100000; E3 infeasible (enumerator only, flagged)"
256,34,2,1,1,"|C|=129140163 > 100000; E3 infeasible (enumerator only, flagged)"
256,34,2,12,5,"|C|=129140163 > 100000; E3 infeasible (enumerator only, flagged)"
256,34,3,1,1,"|C|=129140163 > 100000; E3 infeasible (enumerator only, flagged)"
256,34,3,188,3,"|C|=129140163 > 100000; E3 infeasible (enumerator only, flagged)"
256,34,4,1,1,"|C|=129140163 > 100000; E3 infeasible (enumerator only, flagged)"
256,34,5,1,1,"|C|=129140163 > 100000; E3 infeasible (enumerator only, flagged)"
256,34,5,188,3,"|C|=129140163 > 100000; E3 infeasible (enumerator only, flagged)"
256,34,6,1,1,"|C|=129140163 > 100000; E3 infeasible (enumerator only, flagged)"
256,34,6,12,5,"|C|=129140163 > 100000; E3 infeasible (enumerator only, flagged)"
256,34,7,1,1,"|C|=129140163 > 100000; E3 infeasible (enumerator only, flagged)"
256,34,7,188,3,"|C|=129140163 > 100000; E3 infeasible (enumerator only, flagged)"
256,45,0,1,1,"|C|=33554432 > 100000; E3 infeasible (enumerator only, flagged)"
256,45,1,1,1,"|C|=33554432 > 100000; E3 infeasible (enumerator only, flagged)"
256,45,2,1,1,"|C|=33554432 > 100000; E3 infeasible (enumerator only, flagged)"
256,45,3,1,1,"|C|=33554432 > 100000; E3 infeasible (enumerator only, flagged)"
256,45,4,1,1,"|C|=33554432 > 100000; E3 infeasible (enumerator only, flagged)"
256,45,4,8,17,"|C|=33554432 > 100000; E3 infeasible (enumerator only, flagged)"
256,45,5,1,1,"|C|=33554432 > 100000; E3 infeasible (enumerator only, flagged)"
256,45,6,1,1,"|C|=33554432 > 100000; E3 infeasible (enumerator only, flagged)"
256,45,7,1,1,"|C|=33554432 > 100000; E3 infeasible (enumerator only, flagged)"
256,51,0,1,1,"|C|=2251799813685248 > 100000; E3 infeasible (enumerator only, flagged)"
256,51,1,1,1,"|C|=2251799813685248 > 100000; E3 infeasible (enumerator only, flagged)"
256,51,2,1,1,"|C|=2251799813685248 > 100000; E3 infeasible (enumerator only, flagged)"
256,51,2,12,5,"|C|=2251799813685248 > 100000; E3 infeasible (enumerator only, flagged)"
256,51,3,1,1,"|C|=2251799813685248 > 100000; E3 infeasible (enumerator only, flagged)"
256,51,4,1,1,"|C|=2251799813685248 > 100000; E3 infeasible (enumerator only, flagged)"
256,51,5,1,1,"|C|=2251799813685248 > 100000; E3 infeasible (enumerator only, flagged)"
256,51,6,1,1,"|C|=2251799813685248 > 100000; E3 infeasible (enumerator only, flagged)"
256,51,6,12,5,"|C|=2251799813685248 > 100000; E3 infeasible (enumerator only, flagged)"
256,51,7,1,1,"|C|=2251799813685248 > 100000; E3 infeasible (enumerator only, flagged)"
256,60,0,1,1,"|C|=30517578125 > 100000; E3 infeasible (enumerator only, flagged)"
256,60,1,1,1,"|C|=30517578125 > 100000; E3 infeasible (enumerator only, flagged)"
256,60,2,1,1,"|C|=30517578125 > 100000; E3 infeasible (enumerator only, flagged)"
256,60,3,1,1,"|C|=30517578125 > 100000; E3 infeasible (enumerator only, flagged)"
256,60,4,1,1,"|C|=30517578125 > 100000; E3 infeasible (enumerator only, flagged)"
256,60,4,8,17,"|C|=30517578125 > 100000; E3 infeasible (enumerator only, flagged)"
256,60,5,1,1,"|C|=30517578125 > 100000; E3 infeasible (enumerator only, flagged)"
256,60,6,1,1,"|C|=30517578125 > 100000; E3 infeasible (enumerator only, flagged)"
256,60,7,1,1,"|C|=30517578125 > 100000; E3 infeasible (enumerator only, flagged)"
