P,a,poly_bruteforce,poly_trace,agree,deg,deg_bound,constant_term,value_at_1
1,1,2,2,True,0,0,2,2
1,2,2z+2,2z+2,True,1,1,2,4
1,3,6z+2,6z+2,True,1,1,2,8
1,4,2z^2+12z+2,2z^2+12z+2,True,2,2,2,16
1,5,10z^2+20z+2,10z^2+20z+2,True,2,2,2,32
1,6,2z^3+30z^2+30z+2,2z^3+30z^2+30z+2,True,3,3,2,64
1,7,14z^3+70z^2+42z+2,14z^3+70z^2+42z+2,True,3,3,2,128
1,8,2z^4+56z^3+140z^2+56z+2,2z^4+56z^3+140z^2+56z+2,True,4,4,2,256
1,9,18z^4+168z^3+252z^2+72z+2,18z^4+168z^3+252z^2+72z+2,True,4,4,2,512
1,10,2z^5+90z^4+420z^3+420z^2+90z+2,2z^5+90z^4+420z^3+420z^2+90z+2,True,5,5,2,1024
1,11,22z^5+330z^4+924z^3+660z^2+110z+2,22z^5+330z^4+924z^3+660z^2+110z+2,True,5,5,2,2048
1,12,2z^6+132z^5+990z^4+1848z^3+990z^2+132z+2,2z^6+132z^5+990z^4+1848z^3+990z^2+132z+2,True,6,6,2,4096
2,1,z+2,z+2,True,1,1,2,3
2,2,3z^2+4z+2,3z^2+4z+2,True,2,2,2,9
2,3,z^3+18z^2+6z+2,z^3+18z^2+6z+2,True,3,3,2,27
2,4,3z^4+24z^3+44z^2+8z+2,3z^4+24z^3+44z^2+8z+2,True,4,4,2,81
2,5,z^5+50z^4+100z^3+80z^2+10z+2,z^5+50z^4+100z^3+80z^2+10z+2,True,5,5,2,243
2,6,3z^6+60z^5+270z^4+256z^3+126z^2+12z+2,3z^6+60z^5+270z^4+256z^3+126z^2+12z+2,True,6,6,2,729
2,7,z^7+98z^6+490z^5+882z^4+518z^3+182z^2+14z+2,z^7+98z^6+490z^5+882z^4+518z^3+182z^2+14z+2,True,7,7,2,2187
2,8,3z^8+112z^7+952z^6+2128z^5+2188z^4+912z^3+248z^2+16z+2,3z^8+112z^7+952z^6+2128z^5+2188z^4+912z^3+248z^2+16z+2,True,8,8,2,6561
2,9,z^9+162z^8+1512z^7+5040z^6+6588z^5+4572z^4+1464z^3+324z^2+18z+2,z^9+162z^8+1512z^7+5040z^6+6588z^5+4572z^4+1464z^3+324z^2+18z+2,True,9,9,2,19683
2,10,3z^10+180z^9+2490z^8+10080z^7+18660z^6+16504z^5+8500z^4+2200z^3+410z^2+20z+2,3z^10+180z^9+2490z^8+10080z^7+18660z^6+16504z^5+8500z^4+2200z^3+410z^2+20z+2,True,10,10,2,59049
2,11,z^11+242z^10+3630z^9+19602z^8+45012z^7+54692z^6+35772z^5+14520z^4+3146z^3+506z^2+22z+2,z^11+242z^10+3630z^9+19602z^8+45012z^7+54692z^6+35772z^5+14520z^4+3146z^3+506z^2+22z+2,True,11,11,2,177147
2,12,3z^12+264z^11+5412z^10+34584z^9+102366z^8+154704z^7+136088z^6+69792z^5+23262z^4+4328z^3+612z^2+24z+2,3z^12+264z^11+5412z^10+34584z^9+102366z^8+154704z^7+136088z^6+69792z^5+23262z^4+4328z^3+612z^2+24z+2,True,12,12,2,531441
3,1,2z+2,2z+2,True,1,1,2,4
3,2,4z^3+6z^2+4z+2,4z^3+6z^2+4z+2,True,3,3,2,16
3,3,6z^4+38z^3+12z^2+6z+2,6z^4+38z^3+12z^2+6z+2,True,4,4,2,64
3,4,4z^6+36z^5+86z^4+100z^3+20z^2+8z+2,4z^6+36z^5+86z^4+100z^3+20z^2+8z+2,True,6,6,2,256
3,5,10z^7+170z^6+302z^5+310z^4+190z^3+30z^2+10z+2,10z^7+170z^6+302z^5+310z^4+190z^3+30z^2+10z+2,True,7,7,2,1024
3,6,4z^9+90z^8+510z^7+1266z^6+1116z^5+744z^4+310z^3+42z^2+12z+2,4z^9+90z^8+510z^7+1266z^6+1116z^5+744z^4+310z^3+42z^2+12z+2,True,9,9,2,4096
3,7,14z^10+462z^9+2002z^8+4118z^7+4886z^6+2912z^5+1456z^4+462z^3+56z^2+14z+2,14z^10+462z^9+2002z^8+4118z^7+4886z^6+2912z^5+1456z^4+462z^3+56z^2+14z+2,True,10,10,2,16384
3,8,4z^12+168z^11+1764z^10+7896z^9+14934z^8+17664z^7+13604z^6+6248z^5+2516z^4+648z^3+72z^2+16z+2,4z^12+168z^11+1764z^10+7896z^9+14934z^8+17664z^7+13604z^6+6248z^5+2516z^4+648z^3+72z^2+16z+2,True,12,12,2,65536
3,9,18z^13+978z^12+7812z^11+28044z^10+56900z^9+66024z^8+54414z^7+31170z^6+11808z^5+3996z^4+870z^3+90z^2+18z+2,18z^13+978z^12+7812z^11+28044z^10+56900z^9+66024z^8+54414z^7+31170z^6+11808z^5+3996z^4+870z^3+90z^2+18z+2,True,13,13,2,262144
3,10,4z^15+270z^14+4560z^13+32610z^12+105870z^11+204606z^10+258280z^9+215450z^8+136580z^7+62710z^6+20404z^5+5970z^4+1130z^3+110z^2+20z+2,4z^15+270z^14+4560z^13+32610z^12+105870z^11+204606z^10+258280z^9+215450z^8+136580z^7+62710z^6+20404z^5+5970z^4+1130z^3+110z^2+20z+2,True,15,15,2,1048576
4,1,z^2+2z+2,z^2+2z+2,True,2,2,2,5
4,2,5z^4+8z^3+6z^2+4z+2,5z^4+8z^3+6z^2+4z+2,True,4,4,2,25
4,3,z^6+18z^5+66z^4+20z^3+12z^2+6z+2,z^6+18z^5+66z^4+20z^3+12z^2+6z+2,True,6,6,2,125
4,4,5z^8+48z^7+128z^6+192z^5+182z^4+40z^3+20z^2+8z+2,5z^8+48z^7+128z^6+192z^5+182z^4+40z^3+20z^2+8z+2,True,8,8,2,625
4,5,z^10+50z^9+450z^8+710z^7+790z^6+652z^5+360z^4+70z^3+30z^2+10z+2,z^10+50z^9+450z^8+710z^7+790z^6+652z^5+360z^4+70z^3+30z^2+10z+2,True,10,10,2,3125
4,6,5z^12+120z^11+750z^10+2276z^9+4086z^8+3456z^7+2616z^6+1536z^5+612z^4+112z^3+42z^2+12z+2,5z^12+120z^11+750z^10+2276z^9+4086z^8+3456z^7+2616z^6+1536z^5+612z^4+112z^3+42z^2+12z+2,True,12,12,2,15625
4,7,z^14+98z^13+1666z^12+6174z^11+12782z^10+18032z^9+17724z^8+10978z^7+6482z^6+2996z^5+952z^4+168z^3+56z^2+14z+2,z^14+98z^13+1666z^12+6174z^11+12782z^10+18032z^9+17724z^8+10978z^7+6482z^6+2996z^5+952z^4+168z^3+56z^2+14z+2,True,14,14,2,78125
4,8,5z^16+224z^15+2576z^14+13664z^13+41408z^12+68736z^11+83744z^10+77888z^9+54326z^8+27600z^7+13528z^6+5200z^5+1396z^4+240z^3+72z^2+16z+2,5z^16+224z^15+2576z^14+13664z^13+41408z^12+68736z^11+83744z^10+77888z^9+54326z^8+27600z^7+13528z^6+5200z^5+1396z^4+240z^3+72z^2+16z+2,True,16,16,2,390625
4,9,z^18+162z^17+4482z^16+29988z^15+104004z^14+233262z^13+363810z^12+394074z^11+346986z^10+244964z^9+135792z^8+59688z^7+25176z^6+8334z^5+1962z^4+330z^3+90z^2+18z+2,z^18+162z^17+4482z^16+29988z^15+104004z^14+233262z^13+363810z^12+394074z^11+346986z^10+244964z^9+135792z^8+59688z^7+25176z^6+8334z^5+1962z^4+330z^3+90z^2+18z+2,True,18,18,2,1953125
5,1,2z^2+2z+2,2z^2+2z+2,True,2,2,2,6
5,2,6z^5+10z^4+8z^3+6z^2+4z+2,6z^5+10z^4+8z^3+6z^2+4z+2,True,5,5,2,36
5,3,6z^7+38z^6+102z^5+30z^4+20z^3+12z^2+6z+2,6z^7+38z^6+102z^5+30z^4+20z^3+12z^2+6z+2,True,7,7,2,216
5,4,6z^10+60z^9+170z^8+284z^7+344z^6+292z^5+70z^4+40z^3+20z^2+8z+2,6z^10+60z^9+170z^8+284z^7+344z^6+292z^5+70z^4+40z^3+20z^2+8z+2,True,10,10,2,1296
5,5,10z^12+170z^11+1002z^10+1430z^9+1640z^8+1530z^7+1140z^6+602z^5+140z^4+70z^3+30z^2+10z+2,10z^12+170z^11+1002z^10+1430z^9+1640z^8+1530z^7+1140z^6+602z^5+140z^4+70z^3+30z^2+10z+2,True,12,12,2,7776
5,6,6z^15+150z^14+990z^13+3286z^12+7056z^11+10458z^10+8666z^9+7026z^8+4836z^7+2688z^6+1074z^5+252z^4+112z^3+42z^2+12z+2,6z^15+150z^14+990z^13+3286z^12+7056z^11+10458z^10+8666z^9+7026z^8+4836z^7+2688z^6+1074z^5+252z^4+112z^3+42z^2+12z+2,True,15,15,2,46656
5,7,14z^17+462z^16+4942z^15+15878z^14+31976z^13+47852z^12+55846z^11+50022z^10+32354z^9+21098z^8+11762z^7+5306z^6+1764z^5+420z^4+168z^3+56z^2+14z+2,14z^17+462z^16+4942z^15+15878z^14+31976z^13+47852z^12+55846z^11+50022z^10+32354z^9+21098z^8+11762z^7+5306z^6+1764z^5+420z^4+168z^3+56z^2+14z+2,True,17,17,2,279936
5,8,6z^20+280z^19+3388z^18+19432z^17+67882z^16+159848z^15+241244z^14+294008z^13+296408z^12+247344z^11+167716z^10+93008z^9+51526z^8+24408z^7+9384z^6+2744z^5+660z^4+240z^3+72z^2+16z+2,6z^20+280z^19+3388z^18+19432z^17+67882z^16+159848z^15+241244z^14+294008z^13+296408z^12+247344z^11+167716z^10+93008z^9+51526z^8+24408z^7+9384z^6+2744z^5+660z^4+240z^3+72z^2+16z+2,True,20,20,2,1679616
