label,dim,e2,oracle_cycle,oracle_flat,agree
X1 ,0,2,2,2,True
X1 ,1,2,2,2,True
X2 ,0,8,8,8,True
X3 ,0,4,4,4,True
X3 ,1,4,4,4,True
X3 ,4,4,4,4,True
X3 ,5,4,4,4,True
X4 ,0,4,4,4,True
X4 ,1,4,4,4,True
X4 ,3,8,8,8,True
X4 ,4,8,8,8,True
X4 ,6,12,12,12,True
X4 ,7,12,12,12,True
X4 ,9,8,8,8,True
X4 ,10,8,8,8,True
X5 ,0,4,4,4,True
X5 ,1,24,24,24,True
X5 ,2,4,4,4,True
X6 ,0,4,4,4,True
X6 ,4,24,24,24,True
X6 ,8,4,4,4,True
X8a ,0,4,4,4,True
X8a ,1,24,24,24,True
X8a ,2,4,4,4,True
X8c ,0,8,8,8,True
X8c ,2,96,96,96,True
X8c ,4,304,304,304,True
X8c ,6,96,96,96,True
X8c ,8,8,8,8,True
X9 ,0,4,4,4,True
X9 ,1,4,4,4,True
X9 ,2,10,10,10,True
X9 ,3,8,8,8,True
X9 ,4,16,16,16,True
X9 ,5,12,12,12,True
X9 ,6,22,22,22,True
X9 ,7,16,16,16,True
X9 ,8,18,18,18,True
X9 ,9,10,10,10,True
X9 ,10,5,5,5,True
X8b ,0,64,64,64,True
X8b ,1,1152,1152,1152,True
X8b ,2,7104,7104,7104,True
X8b ,3,16128,16128,16128,True
X8b ,4,7104,7104,7104,True
X8b ,5,1152,1152,1152,True
X8b ,6,64,64,64,True
